Id,Symbol,Open Price,High Price,Low Price,Close Price,Total Traded Quantity,Total Traded Value,Previous Day Close Price,Fifty Two Week High,Fifty Two Week Low,Last Updated Price,Total Trades,Average Traded Price,Market Capitalization,
1,NABIL,497.3,500.9,497,498.5,75640,37753491.4,499.3,562,471,498.5,472,499.12,134879.14,
2,SCB,639.9,640.8,633.3,638,27351,17478281.6,639.9,701,594.9,638,157,639.03,64070.31,
3,HBL,190,192.5,188.9,189.8,101487,19311749.7,190,261,184,189.8,1726,190.28,42860,
4,EBL,666,680,665,670,55470,37377711.1,669,780.6,594,670,221,673.83,91933.22,
5,NICA,333.9,333.9,327.3,328.7,48970,16122325,327.7,428.4,304.5,328.7,225,329.22,49034.04,
6,LSL,210,212,207.1,208.9,56666,11823330.8,209,252,201,208.9,189,208.64,55945.85,
7,KBL,188,190.5,185.1,185.5,227052,42521803.1,185.2,233.5,175.5,185.5,587,187.27,48648.97,
8,SHL,500,504,496,498,27063,13556734.9,503.5,619,464,498,84,500.93,58522.08,
9,TRH,764.1,777.5,751,762,3228,2454320.3,764,1190,681.1,762,46,760.32,14951.36,
10,BPCL,770.1,770.1,741,743,70700,53362493.2,755,1065,380.7,743,359,754.77,25329.35,
11,BBC,4811,4888.9,4778,4800,1287,6180928.4,4865,6661.6,4480,4800,73,4802.58,192480,
12,NUBL,712,716,710.7,710.7,7590,5414805.7,709,854.4,650,710.7,31,713.41,19492.25,
13,CBBL,945,948,935,936,13387,12575603.3,940,1144.8,821.5,936,152,939.38,33857.59,
14,SANIMA,327,336,327,329,66785,22108389.5,333,391,285,329,228,331.03,44683.22,
15,NICL,515,517.9,507,510,16255,8303724.1,511.9,1047,489.1,510,120,510.84,12997.73,
16,HEI,523,524,515,515,9317,4810982.3,516,685,458,515,61,516.36,12875.81,
17,NIL,647,647,626,629.9,17209,10897768.2,635.83,831.3,562,629.9,133,633.25,17462.58,
18,SALICO,605.9,615.8,600,600,6863,4162624.1,605.9,775,570.1,600,41,606.53,15735.83,
19,NLIC,775,775,765.2,765.3,21973,16906560.5,770.1,890,702,765.3,244,769.42,72551.98,
20,LICN,860,868,848,848.1,19598,16747030.9,855,1415,773,848.1,135,854.52,46645.5,
21,SICL,631,636,628,630,14418,9101393.9,633,891,588.8,630,96,631.25,19520.45,
22,CIT,1783,1783,1755,1760,10344,18203345,1758,2200,1730.8,1760,213,1759.79,119782.05,
23,BFC,491,496,482.6,485,47894,23434312.6,482.3,704,411.5,485,258,489.29,4318.56,
24,GFCL,659,680,657,665,45416,30327780.9,657.3,811,528.3,665,287,667.77,6291.67,
25,HDL,1163.8,1163.8,1140,1143,66291,75943810.9,1141,1556.1,1103,1143,687,1145.61,42154.78,
26,PFL,377.5,391,377.5,383.7,18089,6998598.3,385,520,352.8,383.7,135,386.89,4153.77,
27,SFCL,399,401,391,391.5,13682,5395278.8,393.5,660,359.4,391.5,92,394.33,3206.04,
28,SWBBL,732,785,732,736,12341,9131978.1,740,1046.5,724.8,736,90,739.97,12880.01,
29,NIMB,194,194,190.1,190.3,172367,32932287.3,192.3,247,187,190.3,483,191.05,64946.72,
30,SBI,410,418,398.9,412,41210,16617677.6,407,452,363,412,136,403.24,46700.71,
31,MBL,230.9,233.7,228,230,77346,17825492.3,227,272.1,205,230,216,230.46,27798.29,
32,SBL,380.1,387,379.5,380,51089,19503461.4,384.8,416,261,380,111,381.75,56219.02,
33,OHL,735.9,735.9,717,717,3417,2467256.8,726,1100,633.1,717,39,722.05,8492.83,
34,NHPC,219,224,217,217,483728,106612202.2,215.8,244.5,178.6,217,965,220.39,5352.17,
35,CHCL,470,476,468.1,470,25141,11854550.9,470,599.6,456,470,212,471.52,44579.45,
36,STC,5527,5551,5462,5476,4692,25904718.5,5527,5800,4832,5476,33,5521.03,17562.47,
37,DDBL,834,850,833.2,846,13731,11636745.3,836.8,1010,759,846,116,847.47,17386.27,
38,NABBC,1754.2,1754.2,1611,1689,34743,57812531.1,1789.9,2060,662,1689,196,1664,8866.16,
39,RBCL,14999,15005,14950,15005,144,2159439,14910,16900,14251,15005,15,14996.1,40008.81,
40,NLICL,585.1,595,585.1,587,10971,6474910.8,595,738,539,587,55,590.18,33409.98,
41,UAIL,485,495,476,481,73246,35453145.8,477.8,767,422.1,481,412,484.02,11111.1,
42,SPIL,704,725,702.5,715,8954,6324834.1,711,980.4,625,715,69,706.36,20066.83,
43,PRIN,749.9,753,725.2,726,12464,9182369,738.8,1088.8,630,726,78,736.71,12348.94,
44,IGI,448.7,448.7,434,439.9,28998,12776012,440,664.2,392,439.9,168,440.58,13326.04,
45,NFS,659,672,654,660,40594,26921459.8,659,859.6,576,660,225,663.18,5537.03,
46,BNL,15200.5,15400,15200.5,15400,30,459505,15344,22500,15044,15400,3,15316.83,30012.86,
47,GUFL,587,594,576,577,38535,22572459.7,579,685.4,460.6,577,306,585.76,5008.32,
48,BNT,12000,12000,11765,11942.9,117,1382949,11950,14680,10660,11942.9,10,11820.07,14450.91,
49,UNL,46700,46701,46700,46701,20,934010,47600,50724,45000,46701,2,46700.5,42997.61,
50,NMB,236,242,234.2,234.3,27583,6502066.2,234.1,283,231,234.3,132,235.72,45184.85,
51,SIFC,630,638.8,595,611.4,61587,37563270.2,627.9,687.4,459,611.4,247,609.92,6114,
52,CFCL,568,579.8,552,566,45616,25632663.6,559.9,701,445.1,566,185,561.92,5370.64,
53,JFL,440,443.7,432.1,440.1,20875,9143928,440,625,395,440.1,168,438.03,3038.77,
54,PRVU,188.5,188.6,184,185,192208,35592082.6,187,250.9,179.9,185,502,185.17,43553.61,
55,GMFIL,480,485.9,471.4,477,24469,11713938.4,474,592.5,393.1,477,148,478.72,4828.08,
56,EDBL,610,613,596,596.5,20167,12112628.6,599,838.2,545,596.5,104,600.61,7454.43,
57,NTC,855,860,848,850,17064,14546845.2,853,996.3,762.5,850,233,852.48,153000,
58,PROFL,475,481,469,474.8,17564,8358779.8,470.1,650.1,421.4,474.8,103,475.9,4064.8,
59,GBIME,226.1,228.1,225.4,225.7,92958,21063294.9,225.4,278.9,210.7,225.7,396,226.58,86027.48,
60,CZBIL,193.2,194.5,192,192.9,67463,13023690.7,193.8,240.1,183,192.9,232,193.04,29913.9,
61,LBBL,493.8,493.9,479,480,76440,36993415.5,485,646.3,376.5,480,278,483.95,17393.66,
62,AHPC,280,290,275,275.4,409323,115493339.6,277,334,242.5,275.4,969,282.15,11127.27,
63,NMLBBL,630.1,643,627.5,631.7,20181,12741891.1,630,807,600,631.7,143,631.38,8829.68,
64,SJLIC,444.1,446,437,438.1,38918,17236582.8,443,504,390,438.1,264,442.89,21957.34,
65,KSBBL,465,469,458,460,27668,12794523.4,462,588,404.1,460,102,462.43,17764.88,
66,NIMBPO,155,158,152.3,157.8,69110,10710555.6,155,184.5,150,157.8,10,154.97,28889.3,
67,SADBL,417.1,424,412.1,415,48148,19976761.6,416,526.5,376,415,113,414.9,15496.38,
68,SHINE,403,410,403,405.8,16839,6832838.9,403,499,382,405.8,107,405.77,20379.17,
69,MNBBL,370.9,376,370,371.5,55374,20655005.5,369.1,503,340.1,371.5,407,373,29721.45,
70,SLBBL,834,834,818,823.9,13072,10732661.2,823,1159.4,780,823.9,132,821.04,7379.13,
71,SKBBL,767,774,761.5,761.5,20356,15564337.9,761.1,999,756.6,761.5,177,764.6,37520.4,
72,GBLBS,776,785,765,765.2,10517,8104580.9,776,987,698,765.2,132,770.61,7692.94,
73,KMCDB,922.3,953,922.3,931,3138,2937123.9,935,1270,921.3,931,51,935.98,4175.18,
74,RIDI,268.8,289.9,268.8,289.9,1658725,477492501.2,263.6,302,203.5,289.9,3865,287.86,6735.4,
75,BARUN,380,385,366,367.7,264907,98816485.1,379.5,589,292.1,367.7,867,373.02,4127.55,
76,HLBSL,930,940,906,910,4485,4123165.2,930,1134,837,910,52,919.32,3103.88,
77,JSLBB,1175,1180,1156.1,1165,3177,3695912.9,1178,1860.4,1059,1165,21,1163.33,1981.57,
78,API,305,311,299.6,301.9,585301,179233038.1,303,335,258.8,301.9,1468,306.22,19260.39,
79,NMBMF,677.1,682,668.1,669.3,8331,5602796.7,677,876,596,669.3,58,672.52,4828.66,
80,SWMF,677.1,686,673,673,2968,2015595,676,868.1,641.1,673,48,679.1,7445.31,
81,HIDCL,263.1,268.5,260,260.2,179081,47297772.4,263.7,340,245,260.2,528,264.11,64863.2,
82,NGPL,427.6,434.6,425,427.8,864010,370750700.1,422.5,465,254.8,427.8,1382,429.1,16591.92,
83,RSDC,671,680,662,662,27676,18557605,670.5,880,578.7,662,141,670.53,6845.51,
84,ICFC,665,676,660.2,664.9,26210,17550942.1,661,730.9,555,664.9,160,669.62,7868.9,
85,PROFLP,255.8,255.8,255.8,255.8,4492,1149053.6,261,261,118,255.8,3,255.8,46.04,
86,PCBL,234,238,234,235.4,38599,9102023.8,235.8,290,226,235.4,150,235.8,49327.56,
87,MDB,638.2,640.2,627.2,634,25201,15998866.5,638,764,530.5,634,124,634.85,7716.42,
88,ALICL,486,489,477.3,479.9,49511,23889231.3,480,831,430,479.9,264,482.5,24000.56,
89,HLI,372,374,366,366.2,52247,19250333,369.9,477,354.8,366.2,459,368.44,33482.54,
90,ADBL,301,301,295.5,296,24811,7366885.3,296,344.9,272.3,296,163,296.92,42344.34,
91,MLBL,376,376,369,370,26127,9726774.7,372,488,348.9,370,129,372.28,16691.74,
92,GBBL,404.4,404.4,396.2,397,39941,15967245.2,400.8,498,367.4,397,180,399.77,23904.75,
93,JBBL,342,348,337.5,337.5,46115,15705174.6,338,413,295,337.5,224,340.56,14835.78,
94,CORBL,1890.5,1890.5,1736.1,1769,12585,22155168.1,1929,2800,1431,1769,308,1760.44,9287.25,
95,MPFL,644,669,644,657,69365,45645045.6,657,775,491,657,436,658.04,4009.01,
96,FMDBL,816,816,794,794,25242,20226379.3,800,1038.8,718,794,146,801.29,10678.28,
97,MFIL,794.8,828,794.8,800,211792,171418012.7,811,873,545,800,486,809.36,10812.42,
98,NBL,243,247,243,244.8,51241,12504672.1,243,313,225.4,244.8,205,244.03,35970.97,
99,NLG,720,720,700,706,45113,31912815.4,718,1195,660,706,206,707.39,18834.91,
100,SINDU,838,838,802.6,821,37979,31038949.7,825,1482,608,821,350,817.26,4576.71,
101,RLFL,467,478.3,459.6,464,64074,30143816.9,458,703.8,398,464,361,470.45,5203.54,
102,SHPC,542.3,548,535,535.5,89818,48531344.6,541.6,684.9,443.1,535.5,295,540.32,20016.96,
103,MLBBL,1360,1377,1333,1345,4456,5972453.1,1350,2019,1285,1345,105,1340.31,3441.1,
104,LLBS,990,990,966,988,1974,1928517.4,999,1367.3,865,988,24,976.95,4363.62,
105,RBCLPO,11755,11755,11741.1,11741.1,20,234961,11956,13530,11025,11741.1,2,11748.05,20855.67,
106,VLBS,769,786,769,773,1937,1514075.3,769,1008,737,773,53,781.65,5759.16,
107,MATRI,998,1005,990.1,993,1950,1947551.7,1000,1464.8,930.1,993,42,998.74,6239.59,
108,GILB,1174,1180,1166,1167,726,847949.6,1174,1441.6,1117,1167,17,1167.97,7565.64,
109,MERO,741.4,764.8,738,738,15341,11420985,749.9,1000,668,738,127,744.47,10969.65,
110,GRDBL,1136,1155,1125,1127,15182,17279805.5,1154,1668.4,944,1127,157,1138.17,6936.69,
111,NMFBS,1110.5,1124.9,1110,1111,1375,1531666.6,1106.6,1504,1086,1111,35,1113.93,16902.34,
112,SPDL,402.6,421,402.6,408,90951,37629556.7,410.8,465,308.9,408,333,413.73,5429.86,
113,UMHL,642,644.5,632,636,125517,80134254.4,641,706,373.1,636,329,638.43,7825.98,
114,CHL,297.9,309,292.4,295,137920,41015369.6,298,599.7,223.4,295,508,297.38,2283.17,
115,SMB,1911,1919,1900,1903,1205,2293676,1903,3309.9,1710.1,1903,33,1903.46,2551.46,
116,USLB,1489,1495,1450,1463,6485,9483895.4,1466,2750,1407,1463,114,1462.43,3611.65,
117,RADHI,885,894,877.1,886,497610,439834005.3,875,905.6,373,886,1230,883.89,16293.36,
118,WNLB,1500,1550,1500,1526,1069,1638695,1525,4271,1242.1,1526,53,1532.92,1287.04,
119,NADEP,815,815,790.3,795,2933,2351478.1,805,1046,696,795,51,801.73,3861.79,
120,KPCL,553.9,554.3,539,544.9,26796,14649731.6,543.5,711,491,544.9,174,546.71,5445.33,
121,AKJCL,357,376,351,363,1426865,514957432,352.8,376,172.9,363,2580,360.9,7260,
122,JOSHI,310,326,308.4,319,369035,117275486.2,305.3,487,254,319,1426,317.78,1954.86,
123,ACLBSL,979.2,998,965,987,8893,8702463.5,960,1284.9,900,987,114,978.57,3623.71,
124,UPPER,190,191.6,186.1,186.3,185555,35073895.7,188.1,228,166,186.3,780,189.02,39458.34,
125,SLBSL,1349,1349,1309,1324,1906,2517332.5,1328.9,2824.6,1234.5,1324,40,1320.74,2261.46,
126,GHL,258.5,266.9,253,254.5,589736,153545588.1,253.5,318,197.1,254.5,1682,260.36,4199.25,
127,ALBSL,1154.5,1201,1125,1158,20147,23365824.5,1178,1250,771,1158,254,1159.76,9295.1,
128,UPCL,385,391,376,377,161447,61813294.7,385,489,277.5,377,527,382.87,9368.92,
129,MHNL,279.8,285,274.4,277,27315,7586530.4,277,316,226,277,143,277.74,3462.5,
130,GMFBS,1499,1499,1452,1470,1865,2725737.1,1478,1980,1395,1470,45,1461.52,2227.85,
131,HURJA,259,266.9,258,259.6,571043,150160574.4,255.1,283.4,204.6,259.6,1323,262.95,5140.08,
132,RHPL,285,295,280.4,281,43262,12388603.7,285,487.3,252.3,281,261,286.36,19226.3,
133,SJCL,297.1,307,293,296.5,27726,8306332.8,300,378.7,267,296.5,180,299.58,10822.25,
134,SAPDBL,861.1,887,855,864,71754,61944609.3,870,1437.2,686,864,304,863.29,7208.68,
135,NICBF,9.33,9.51,9.33,9.5,15700,149084,9.5,10.93,8.48,9.5,5,9.49,717.25,
136,NRIC,1310,1341,1291,1319.9,196139,259333698.1,1285,1842,960.4,1319.9,1314,1322.19,177159.45,
137,KBLD86,1280.9,1280.9,1280.9,1280.9,49,62764.1,1307,1307,1080.3,1280.9,3,1280.9,3842.7,
138,NICLBSL,590,595,570,578,22267,12864773.3,583,764,535,578,215,577.75,10053.96,
139,CIZBD86,1160.1,1160.1,1160.1,1160.1,15,17401.5,1160,1320.9,1096.4,1160.1,1,1160.1,2900.25,
140,KKHC,256.7,276.8,256.7,276.8,809051,220797065,251.7,475.9,208,276.8,3157,272.9,2578.19,
141,DHPL,320,328,316.2,318.9,43005,13801087,314.1,427.2,265,318.9,227,320.91,841.9,
142,AKPL,272,279,267,269,753935,206239031.2,271,306.5,216.1,269,1372,273.55,10480.08,
143,FOWAD,1080,1089.9,1063,1075,4748,5085707.3,1080,1324.4,1012.4,1075,82,1071.12,12856.5,
144,SMATA,811,811,785,800,8420,6665587,796,1382,734.1,800,97,791.63,5284.03,
145,HPPL,480,483.9,472,473,134090,64051735.6,475,711,411.1,473,414,477.67,5039.42,
146,MSLB,1335,1335,1300,1320,3304,4333736.4,1337.8,1710,1130.2,1320,82,1311.66,5114.94,
147,NHDL,664,683.6,657.6,669,24215,16093442.6,671,1002.6,623,669,129,664.6,2830.77,
148,SEF,9.5,9.68,9.5,9.68,4070,38847.2,9.54,11.5,8.6,9.68,5,9.54,1452,
149,PMHPL,356,361,343,346.9,89574,31617314.8,350,468,272,346.9,296,352.97,3815.9,
150,SHIVM,624.7,628,615.3,622,307474,191390207.8,615.1,709,495,622,733,622.45,34789.88,
151,PPCL,388,398.8,385,388.7,101958,39686537.9,386,409.9,284.1,388.7,299,389.24,3741.24,
152,GLBSL,1958,1993,1940,1986,2541,5029972.7,1952,3486,1862.1,1986,46,1979.52,2628.63,
153,SMFBS,1645.5,1654,1645,1645,437,720566.4,1679,2215,1490,1645,28,1648.89,2524.18,
154,UNHPL,530,530,502,506,285678,145521356.7,531,554.7,290,506,1144,509.38,3795,
155,ILBS,965,990,965,966.1,6573,6407042.7,980,1311,795.2,966.1,75,974.75,4805.54,
156,NBF2,9.67,9.91,9.67,9.83,18100,177632.7,9.84,11.1,8.89,9.83,10,9.81,1100.96,
157,SIGS2,9.76,9.76,9.65,9.65,10250,99542.5,9.81,11.7,8.9,9.65,5,9.71,1158,
158,CMF2,10,10.2,10,10.05,11370,115275.5,10.16,10.86,8.64,10.05,7,10.13,562.8,
159,NMB50,10.31,10.51,10.31,10.5,600,6227,10.46,11.93,9.75,10.5,5,10.37,1312.5,
160,HDHPC,212,217,206.5,207.9,625420,132357947.4,208.5,225.9,162,207.9,1475,211.63,5821.2,
161,ICFCD83,1122,1122,1122,1122,60,67320,1119.9,1368.9,1119,1122,1,1122,224.4,
162,ADBLD83,1050.5,1050.5,1050.5,1050.5,50,52525,1071,1160,1046,1050.5,1,1050.5,2626.25,
163,SMPDA,885,890,878,880,3554,3135647.9,877,1155,840,880,79,882.28,6167.55,
164,NRN,1668,1694.9,1637,1694,209635,349587257.8,1647,2444,1327,1694,1127,1667.59,30460.17,
165,LUK,9.85,9.95,9.85,9.95,6300,62675,10.05,11.97,8.97,9.95,4,9.94,649.36,
166,SSHL,204,204,194.5,195,648044,128692054.7,200,313.8,151,195,1722,198.58,5757.96,
167,MEN,605,605,583,585.1,68756,40549728.1,595,683.4,535,585.1,301,589.76,18274.19,
168,SBIBD86,1125,1125,1125,1125,11,12375,1144,1222,1050,1125,1,1125,2288.12,
169,LEC,222.3,226,220.1,220.6,430592,96295687.3,218,263,180,220.6,1116,223.63,4963.5,
170,PBLD84,1083,1083,1083,1083,12,12996,1102.5,1150,1062.1,1083,1,1083,2166,
171,SGIC,492.4,492.9,479,488,21431,10413902.3,485.2,736.4,439,488,192,485.92,10492,
172,CGH,872.5,887,855,859.9,133312,114835705.1,875,1150,800.2,859.9,613,861.4,13851.23,
173,NIFRA,264,269.4,262,263,138605,36686464.9,266.5,328.1,249.9,263,756,264.68,56808,
174,SLCF,9.65,9.69,9.64,9.69,21800,210599,9.82,11.99,8.6,9.69,17,9.66,1162.8,
175,GLH,270,282,270,270.1,150932,41874253.3,271,306.3,227.4,270.1,665,277.43,4861.8,
176,MLBSL,1940,1940,1900,1929,577,1103255,1930,2569,1870,1929,21,1912.05,4196.78,
177,SHEL,300,306,295.3,296,293122,88122819.6,296.6,347.8,241.1,296,902,300.63,9013.2,
178,SBCF,9.31,9.6,9.31,9.45,3400,32407,9.42,12.03,8.7,9.45,7,9.53,1181.25,
179,NIBSF2,9.61,9.8,9.25,9.25,25400,239906,9.8,9.8,8.01,9.25,32,9.44,1387.5,
180,JBLB,1330,1345,1310.1,1317.8,5129,6766476.8,1307.4,1644,1270.7,1317.8,116,1319.25,23077.78,
181,NBLD87,1094,1117,1094,1115.8,506,565124,1094,1150,1010.1,1115.8,7,1116.84,3905.3,
182,PBLD87,1083.2,1083.2,1083.2,1083.2,25,27080,1072.1,1147,1015.1,1083.2,1,1083.2,2870.48,
183,NICSF,9.05,9.12,8.95,8.96,1300,11724,9.23,9.99,8.04,8.96,6,9.01,1120,
184,SRLI,390,400,389.8,391,35645,13949476.1,394,480,363.9,391,370,391.34,19608.35,
185,MBLD87,1101,1101,1101,1101,10,11010,1123,1169,1021,1101,1,1101,2481.1,
186,MKJC,541,565,537,537,55963,30480006.5,552,635,475.5,537,247,544.64,2020.84,
187,MLBS,1460,1507.5,1445,1507.5,1912,2810428,1478,2400,1395,1507.5,38,1469.88,1648.83,
188,TPC,400,401,383,387,211777,82555766.3,394,650,270.1,387,612,389.82,3096,
189,MMF1,9,9.14,8.95,8.95,12830,115719.85,9,9.95,8.05,8.95,45,9.01,1118.75,
190,SPC,533,533,516,518,23177,12106557.1,527.3,698.9,441,518,184,522.35,2590,
191,NESDO,1559,1559,1475,1526.9,2236,3365630.7,1529.9,2489,1380.1,1526.9,44,1505.2,4448.43,
192,GVL,500,503,490,494.9,117726,58463947.6,492,662,424,494.9,452,496.61,17012.19,
193,BHL,206,209.8,204.2,204.6,419827,86917056.3,204,388,164,204.6,1259,207.03,7480.05,
194,CYCL,1555.1,1600,1540,1584,5648,8889964.6,1586,2040,1462,1584,117,1574,4220.16,
195,RFPL,422,432.9,415,415,180215,76192298.9,421,950,306,415,741,422.78,5810,
196,UMRH,576,579.9,564,564,19168,10962716,575,790,526,564,110,571.92,2729,
197,PMLI,510,518.5,507,507.2,8334,4255984.9,510,665,445,507.2,197,510.67,26921.13,
198,KEF,9.22,9.55,9.22,9.35,8920,83991,9.37,10.42,8.31,9.35,23,9.41,935,
199,RURU,679.1,679.1,670,670,15547,10462118.3,671.1,853,640,670,104,672.93,4181.17,
200,NCCD86,1116,1116,1115.5,1115.5,50,55787.5,1115,1230,1040.2,1115.5,2,1115.75,3346.5,
201,CHDC,2400.1,2470,2395,2396,34676,84036021.4,2425,2997.9,1921,2396,266,2423.46,24780.32,
202,PSF,11.04,11.42,11.04,11.4,22850,256876,11.24,11.9,9.81,11.4,31,11.24,1425,
203,KSBBLD87,1120,1120,1120,1120,50,56000,1140,1178.1,1041.3,1120,1,1120,1120,
204,RMF1,9.63,9.63,9.27,9.54,18200,171579,9.45,11.4,8.38,9.54,32,9.42,1192.5,
205,NICD88,1081,1120,1081,1120,430,481213.6,1081,1153,1006,1120,7,1119.1,1762.74,
206,GBILD86/87,1087,1087,1087,1087,50,54350,1082.3,1142,1015,1087,1,1087,3261,
207,JBBD87,1142.4,1143,1142.4,1143,782,893522.4,1120,1289,1036,1143,9,1142.61,1714.5,
208,SAHAS,557.1,568,557.1,564.9,64425,36338436.8,563,705,483.3,564.9,422,564.04,25837.4,
209,NBF3,9.44,9.6,9.44,9.47,41320,391921.6,9.62,10.67,8.35,9.47,31,9.48,1183.75,
210,NYADI,405,420,404,409,24623,10134074.1,405,880,354,409,226,411.56,6135,
211,MBJC,290,294.9,285.9,288,38694,11242343,290.8,371.9,270,288,390,290.54,17280,
212,BNHC,569.1,613.8,548,548,122677,68786311.6,558,613.8,393,548,782,560.71,2192,
213,GBBD85,2085,1075.1,1076.1,1075.1,1076.1,130,139835.5,1073.1,1135,2026-02-08T14:53:04.658848,1076.1,5,1075.65,1076.1
214,ENL,908,989.3,908,940,4694,4480987.8,919.6,1452,866,940,106,954.62,5222.64,
215,ULBSL,3290,3299,3235,3278.9,310,1015727,3259,6300,2931,3278.9,17,3276.53,3480.49,
216,KDBY,10.04,10.3,9.84,10.12,9820,99408.3,10.24,10.57,8.67,10.12,40,10.12,40.48,
217,HHL,348.4,375,348.4,360,323353,117033389.6,341.6,635,310.7,360,1489,361.93,3942,
218,PBD88,1201,1201,1179,1179,100,119540,1195.1,1274,1090,1179,4,1195.4,2053.68,
219,MHL,528,535,521,523,48233,25573158.4,525.7,930.6,445,523,297,530.2,3382.59,
220,GIBF1,10.6,10.87,10.6,10.8,61800,667233,10.7,11.68,9.3,10.8,35,10.79,1107.82,
221,RHGCL,283,303,283,295,251514,75063826.9,288,708,217.2,295,819,298.44,3615.48,
222,HIDCLP,194,196.8,190.1,191.2,213211,41214517.7,193,239,165.6,191.2,346,193.3,6309.6,
223,AVYAN,977,1009.8,941,966,21320,20781908.2,958,1291,906,966,232,974.76,2415,
224,DORDI,290,305.8,287,296,589154,173811957.2,287,670,213.1,296,1417,295.01,6241.22,
225,NICFC,9,9.48,9,9.19,2700,24821,9.16,10.4,8.37,9.19,20,9.19,93.74,
226,BHDC,487.1,521,487.1,497,78308,39403938,497,729,426,497,469,503.19,5895.86,
227,UHEWA,569.8,574,555,558.7,29765,16760675.2,564.6,993.4,508.5,558.7,180,563.1,3212.53,
228,SGHC,406.7,423.3,403.1,405,44947,18427921.1,415,630.1,296,405,299,409.99,6451.65,
229,USHEC,480,498,476,478,59643,28822142.6,486.6,750.9,410,478,269,483.24,6453,
230,EBLD85,1195,1198,1195,1198,40,47845,1180,1250,1102.5,1198,2,1196.12,2396,
231,NSIF2,10.7,10.8,10.61,10.62,12800,137843,10.8,11.93,9.75,10.62,12,10.76,1296.7,
232,EHPL,445,450,429,430,93799,41250681,436.5,937,385,430,487,439.77,2666,
233,UNLB,1870.1,1899,1849,1877,1386,2570572.4,1867,2838,1818.4,1877,55,1854.66,2788.75,
234,SMHL,484.3,500,444.7,486,1180165,560348155.8,494.1,1275,444.7,486,3015,474.8,11252.11,
235,SMH,863.9,931.7,863.9,931.7,10231,9528137.1,847,1142,685.1,931.7,171,931.3,4984.6,
236,KDL,1099.6,1185,970.3,982,60968,62970263.7,1078.1,1306.3,770,982,1159,1032.84,6186.6,
237,SFEF,9.84,10.03,9.84,10.03,60850,610149,9.88,11.12,8.82,10.03,11,10.02,1003,
238,TAMOR,448,455,446,448,25924,11654516.1,448,596,437,448,273,449.56,14929.6,
239,MAKAR,546.3,572.9,546.3,563,38970,21952504.2,546.2,859,515,563,232,563.31,4278.8,
240,DOLTI,531,537,521,526,6696,3530808.6,527.9,815.7,470.6,526,78,527.3,2821.92,
241,CITY,500,506.6,485.2,492.9,16730,8220005.2,497,998.4,461,492.9,184,491.33,14852.06,
242,PRSF,11.08,11.35,11.08,11.25,23998,271094.4,11.28,12.05,9.72,11.25,12,11.29,1125,
243,IHL,554,559,541,547,24328,13292824.1,551.4,831,490,547,140,546.4,3282,
244,MEL,309.6,328,292.1,293.1,131002,40329189.2,303.6,384,255,293.1,920,307.85,8499.9,
245,RAWA,757.6,780,750,763.7,6215,4707701.1,773,990,686,763.7,89,757.47,2138.36,
246,SIGS3,10.3,10.4,10.27,10.27,30400,313314,10.45,11.46,8.5,10.27,13,10.3,827.56,
247,C30MF,9.9,9.9,9.9,9.9,300,2970,10,10.71,8.65,9.9,3,9.9,743.22,
248,USHL,770,780,763,769.9,11482,8852184,755,945,588,769.9,117,770.96,1693.78,
249,TSHL,817,832,793.1,806,15615,12693088.3,801,989,616.8,806,157,812.87,3969.55,
250,KBSH,1670,1680,1666.1,1666.1,314,524510.9,1700,3000.8,1622,1666.1,16,1670.41,2456.83,
251,LVF2,9.36,9.5,9.36,9.5,2300,21718,9.51,11.45,8.76,9.5,16,9.44,760,
252,SPHL,597.7,598,578,578.9,6010,3514213.2,587,898.8,477.1,578.9,80,584.72,1736.7,
253,PPL,395,403.7,385,387,324896,128285356.8,395,635,263.2,387,979,394.85,3672.24,
254,DLBS,1313.5,1360,1313,1330,763,1014775.1,1339.9,1966,1240,1330,36,1329.98,1770.23,
255,SIKLES,632.5,640,620.5,620.5,21001,13185883,620.2,1475,540,620.5,167,627.86,6065.39,
256,SHLB,1616,1632,1600,1632,511,824566,1648.2,2907,1540.2,1632,18,1613.63,1785,
257,PHCL,290,295,285,288.2,167655,48772619.2,289.7,745.6,249.7,288.2,697,290.91,9222.4,
258,BHPL,589.5,589.5,575,582,45839,26726145.2,578,1308.4,503.1,582,310,583.04,1455,
259,NIBLGF,9.46,9.64,8.74,9.63,47800,437456,9.65,10.09,7.84,9.63,20,9.15,1271.16,
260,SAGF,9.85,9.85,9.75,9.85,1610,15807.5,9.85,11.31,8.79,9.85,11,9.81,662.44,
261,SPL,866,880,852.3,854,7956,6905798.8,866,1045,765,854,119,867.99,1708,
262,MKHC,340,364.8,334,350,56569,19842095.6,335.6,612,332.2,350,497,350.75,3500,
263,AHL,587.5,595,585,585.5,24768,14569449,576,891,532,585.5,179,588.23,1990.7,
264,MHCL,395.5,406,395.5,397.5,37143,14925823.7,398,655,363,397.5,245,401.84,3189.94,
265,SMJC,520,529,498.1,502,27555,13965171.6,520,735,479,502,263,506.81,5889.46,
266,ANLB,6031.1,6222,5999,6041,1220,7425147.4,6030,6800,4673,6041,53,6086.18,4732.72,
267,MKHL,848.5,915,832,870,15590,13358487,865,1027,652,870,137,856.86,3411.76,
268,BEDC,540,549.9,538,540,16845,9131800.8,538,1010.8,501,540,154,542.1,2937.89,
269,MCHL,462,462,431.2,444.9,12522,5577066.6,453,714,412.5,444.9,108,445.38,2413.95,
270,RMF2,9.99,10.09,9.99,10,19414,194695.26,9.9,10.58,8.73,10,14,10.02,846.12,
271,NRM,431,447.7,431,433,29994,13129706.5,439,645,390.1,433,277,437.74,4189.27,
272,ILI,442,445.9,441,441,15706,6951488,440.7,530,405,441,443,442.6,22050,
273,GCIL,427,432.5,421,422,23866,10143310.3,427,613,400,422,280,425.01,21203.2,
274,RNLI,467,470.4,462.3,463.1,37168,17300179.5,467.1,593,416,463.1,506,465.45,24066.38,
275,SNLI,470,474,465.1,465.1,26966,12650911.9,467,744.5,411.6,465.1,470,469.14,24570.27,
276,MEHL,458,460,450,450.8,21642,9842572.1,450,696,372.4,450.8,235,454.79,3606.4,
277,HATHY,924,978,924,955,52848,50582626.4,919,1600,875.5,955,618,957.13,30284.65,
278,BGWT,763.2,782,763.2,776,2520,1955000,775,1241,750,776,56,775.79,5263.14,
279,TVCL,585,595,564,589.1,135579,78411000.7,575,611,377.6,589.1,561,578.34,10913.08,
280,ULHC,528,551.9,528,549,65395,35618290.7,538,693,411.7,549,481,544.66,2798.82,
281,CLI,473,478,466.2,471.8,21293,10024312.4,473,774.9,411,471.8,444,470.77,23590,
282,MANDU,821,846,821,827.9,6576,5470264.5,835,1011,766.5,827.9,73,831.85,11289.55,
283,MSHL,810.7,826,810.7,820,654,535971,823,1135,800.1,820,20,819.52,7057.41,
284,SONA,435,445,433,433,36232,15790781.3,437,545,398,433,448,435.82,13314.97,
285,MMKJL,610,610,591,591,15551,9333154.8,608,838.3,528.2,591,151,600.16,5910,
286,H8020,11.2,11.64,11.2,11.38,3900,44306,11.42,12.21,9.86,11.38,22,11.36,113.8,
287,MKCL,1387,1400,1380.1,1385,7180,9984886.8,1398,1900,1333,1385,112,1390.65,10470.6,
288,CKHL,759.3,804,751,751,30521,23340274.2,774,887.9,550,751,227,764.72,3004,
289,NWCL,945,945,920,920,7133,6603074.5,939,1147,740.2,920,99,925.7,6325,
290,NICGF2,9.3,9.48,9.16,9.35,9450,87775,9.3,9.98,8.33,9.35,31,9.28,846.17,
291,KSY,9.46,9.5,9.31,9.42,1400,13193,9.65,10.64,8.21,9.42,12,9.42,701.56,
292,MNMF1,9.59,9.74,9.33,9.74,58749,566537.51,9.41,10.11,8.53,9.74,45,9.64,1217.5,
293,ICFCD88,1120.1,1120.1,1120.1,1120.1,25,28002.5,1120,1216,1000,1120.1,1,1120.1,336.03,
294,NMIC,1450,1525,1432,1445,151242,226334163.9,1456,2703.3,302.3,1445,1220,1496.5,10837.5,
295,NMBHF2,9.5,9.5,9.35,9.5,3200,30292,9.69,10,8.16,9.5,26,9.46,1296.6,
296,RBBD2088,1046.3,1055,1046.3,1055,50,52532.5,1050,1100,967.6,1055,2,1050.65,2637.5,
297,BHCL,600,621,600,600,58682,35693565,609,699,292.1,600,1008,608.25,5454.61,
298,SBLD2091,1093,1093,1093,1093,1161,1268973,1094,1150,109,1093,9,1093,2732.5,
299,MABEL,800,825.9,796,806,24015,19393733.4,811,927,317.7,806,500,807.56,3109.74,
300,HLICF,9.63,9.85,9.63,9.69,6090,59403.5,9.82,10.55,8.74,9.69,22,9.75,4845,
301,DHEL,745,770,740.8,750,56122,42208711.3,758,918.9,402.2,750,988,752.08,7728.75,
302,SWASTIK,2980,3020,2943,2943,2713,8050699.3,2987,3400,391.7,2943,115,2967.45,1699.58,
303,BUNGAL,715,718,691.8,691.8,32238,22714861.8,708.8,822,302.4,691.8,658,704.59,5741.94,
304,RBBF40,9.94,10.11,8.98,9.31,3370,31602.5,9.75,10.11,8.98,9.31,25,9.37,1163.75,
305,SYPNL,2115,2155,2019.1,2019.1,202578,424156406.5,2115,2255.9,319.8,2019.1,4977,2093.79,26412.6,
306,VLUCL,590,596.2,578,580,10873,6362701.1,593.7,802,516,580,148,585.18,11092.5,
307,HRL,887.3,887.3,857,857,241328,210929031,870,1156,762.1,857,1720,874.03,93138.76,
308,SARBTM,879,890,872,872,18393,16218501.5,879,1048,760.2,872,109,881.77,45555.68,
309,NIMBD90,1201,1201,1201,1201,100,120100,1211,1425,1107,1201,1,1201,4852.04,
310,NIBLSTF,9.33,9.33,9.11,9.11,6300,57850,9.15,10.08,7.85,9.11,18,9.18,1029.43,
311,GMLI,1800,1888.9,1800,1800,10769,19974703.4,1833,2778,301,1800,249,1854.83,13500,
312,GSY,9.53,9.79,9.34,9.6,76299,740284.59,9.72,10.3,8.7,9.6,60,9.7,1200,
313,CREST,1490,1530,1461,1489,53035,79935199.7,1499.8,2458.2,302.5,1489,812,1507.21,11167.5,
314,EBLD91,1108,1108,1091,1091,748,827934,1098.5,1142.4,994.4,1091,3,1106.86,3273,
315,OMPL,1410.1,1454,1390,1390,20073,28404114.6,1408,2167.2,270,1390,382,1415.04,8340,
316,MBLEF,9.96,10.1,9.96,10.1,24800,247546,10.01,10.24,8.59,10.1,34,9.98,1228.42,
317,PURE,1100,1118,1055,1068.8,28674,30661582.9,1097,1327.9,289.3,1068.8,360,1069.31,8550.4,
318,RSY,9.72,10.07,9.72,9.9,84190,836320.5,9.78,10.17,8.58,9.9,54,9.93,1188,
319,NIFRAGED,1024.1,1025.1,1024.1,1025.1,50,51230,1035,1137.2,948,1025.1,2,1024.6,5125.5,
320,TTL,978.2,989,946,946,72351,70064861.5,959.1,1262.8,366.1,946,1191,968.4,7715.67,
321,SANVI,885,900,860.1,865,73955,64482159.4,885,1060,359,865,764,871.91,7612,
322,NICAD2091,1065,1065,1065,1065,212,225780,1048.1,1102.6,1005.2,1065,1,1065,5325,
323,GBIMESY2,9.5,9.5,9.12,9.19,1400,12872,9.6,10.18,8.5,9.19,14,9.19,1378.5,
324,HIMSTAR,1010,1034,990,1000,22446,22613533.8,1009,1264,252.2,1000,413,1007.46,3730,
325,SHINED,1120,1147,1120,1142.4,1105,1266055,1120,1200,1000,1142.4,6,1145.75,1142.4,
326,SBID2090,1078,1079.9,1078,1079.9,200,215885,1060,1107,1000,1079.9,3,1079.42,3239.7,
327,SAGAR,2200,2200,2080,2080,24335,51674344.6,2160,2439,319.5,2080,489,2123.45,15100.8,
328,BANDIPUR,1100,1135,1055,1055,138461,150596640.3,1107,1233,285,1055,2338,1087.64,29856.5,
329,JHAPA,1408,1487,1408,1445,7452,10912739,1436,1749,293.4,1445,264,1464.4,5493.75,
330,SAIL,1501,1511,1403,1450,108705,160248892.5,1499.4,1690,301.7,1450,1978,1474.16,23653.13,
